<?xml version="1.0" encoding="ISO-8859-1"?>
<document url="http://castor.exolab.org/license.xml">
  <body>
    <title>The Exolab License</title>
    <header>
    <p>The code of this project is released under a BSD-like license [<a href="license.txt">license.txt</a>]:</p>
    <pre>
  Copyright 2000-2002 (C) Intalio Inc. All Rights Reserved.

  Redistribution and use of this software and associated documentation
  ("Software"), with or without modification, are permitted provided
  that the following conditions are met:

  1. Redistributions of source code must retain copyright statements
     and notices. Redistributions must also contain a copy of this
     document.

  2. Redistributions in binary form must reproduce the above copyright
     notice, this list of conditions and the following disclaimer in the
     documentation and/or other materials provided with the distribution.

  3. The name "ExoLab" must not be used to endorse or promote products
     derived from this Software without prior written permission of
     Intalio Inc. For written permission, please contact <a href="mailto:info@exolab.org">info@exolab.org</a>.

  4. Products derived from this Software may not be called "Castor"
     nor may "Castor" appear in their names without prior written
     permission of Intalio Inc. Exolab, Castor and Intalio are
     trademarks of Intalio Inc.

  5. Due credit should be given to the ExoLab Project
     (<a href="http://www.exolab.org/">http://www.exolab.org/</a>).

  THIS SOFTWARE IS PROVIDED BY INTALIO AND CONTRIBUTORS ``AS IS'' AND
  ANY EXPRESSED OR IMPLIED WARRANTIES, INCLUDING, BUT NOT LIMITED TO,
  THE IMPLIED WARRANTIES OF MERCHANTABILITY AND FITNESS FOR A
  PARTICULAR PURPOSE ARE DISCLAIMED. IN NO EVENT SHALL INTALIO OR ITS
  CONTRIBUTORS BE LIABLE FOR ANY DIRECT, INDIRECT, INCIDENTAL, SPECIAL,
  EXEMPLARY, OR CONSEQUENTIAL DAMAGES (INCLUDING, BUT NOT LIMITED TO,
  PROCUREMENT OF SUBSTITUTE GOODS OR SERVICES; LOSS OF USE, DATA, OR
  PROFITS; OR BUSINESS INTERRUPTION) HOWEVER CAUSED AND ON ANY THEORY
  OF LIABILITY, WHETHER IN CONTRACT, STRICT LIABILITY, OR TORT
  (INCLUDING NEGLIGENCE OR OTHERWISE) ARISING IN ANY WAY OUT OF THE
  USE OF THIS SOFTWARE, EVEN IF ADVISED OF THE POSSIBILITY OF SUCH
  DAMAGE.
    </pre>
    </header>
  </body>
</document>
